base_practice,model_type,est,se,ci.lb,ci.ub,pval,tau2_L2,tau2_L3,k,studies,practice,crop,est_pct,ci.lb_pct,ci.ub_pct
Reduced Tillage,rma.mv,0.0791746748790878,0.145758599969246,-0.238406032768239,0.396755382526415,0.596944524434701,0.260519242601393,1.52673494459918e-07,13,3,Reduced Tillage,Common Bean,8.23933724901196,-21.2117280063045,48.6992141297733
Intercropping,rma.mv,-0.702904738290267,0.136966053940449,-0.990659739778598,-0.415149736801935,6.98366718789741e-05,0.0776454129242308,0.0390554440197672,19,3,Intercropping,Common Bean,-50.4855053611496,-62.8668372054003,-33.9758589134427
Inorganic Fertilizer,rma.mv,0.293600334630559,0.0706422675862541,0.153498058221249,0.433702611039869,6.7031843905843e-05,0.0272051065211055,0.0341626600779034,104,8,Inorganic Fertilizer,Common Bean,34.1247746256313,16.5905523189343,54.2959940627617
