Model,Variables,AIC,R2,Tau2
Climate only,1 climate variable,1262.88905831596,0.352780877911973,0.106376336581545
Management only,9 practices,1140.5529828018,17.8024780995655,0.087748271681687
Climate + Management (additive),1 climate + 9 practices,1140.66569547825,18.0309333536298,0.0875043889801497
Climate × Management (interaction),1 climate × 9 practices,1118.21590245881,22.8130181710794,0.0823993728182913
