climate_var,n_obs,R2_climate,R2_management,R2_interactive,AIC_climate,AIC_management,AIC_interactive
rain_rain_l_5.n_seq_d5,1249,0.0161210359141177,0.183710508930829,0.267012059071615,1314.94925280868,1191.59447251371,1144.82596419331
temp_tmean_var,1249,0.0085061699844925,0.183710508930829,0.322339536031883,1316.92199394978,1191.59447251371,1108.06197487465
eratio_eratio_l_0.1.max_seq,1249,0.00738871940677011,0.183710508930829,0.236278106040938,1316.88447654652,1191.59447251371,1169.40758457202
gdd_gdd_subopt,1249,0.0606962084392728,0.183710508930829,0.266867799222598,1268.3547210667,1191.59447251371,1128.75516083688
