Model,Mean_R2,SD_R2,R2_display,Gain_over_climate,Gain_over_management
Climate only,2.31780334361633,2.53112668210119,2.3% ± 2.5%,0,-16.0532475494666
Management only,18.3710508930829,0,18.4% ± 0.0%,16.0532475494666,0
Climate × Management (interactive),27.3124375091759,3.58528695181871,27.3% ± 3.6%,24.9946341655595,8.94138661609297
