Practice,n,s,pct,pct_lo,pct_hi,p,climate_var,climate_family,climate_SD,climate_SD_description,climate_R2_pct
Intercropping-Solo,64,6,73.6251550534254,29.2230092054083,133.284263017026,0.00154392447937115,gdd_gdd_subopt,GDD,110.299213110841,1 SD = 110 degree-days,2.85907963198421
Reduced Tillage-Combo,79,8,9.15849932378756,-3.81571759382107,23.8827974440018,0.153490701413942,gdd_gdd_subopt,GDD,110.299213110841,1 SD = 110 degree-days,2.85907963198421
Crop Rotation-Combo,46,7,18.6198795634151,-21.122513834369,78.3864637634721,0.37040985219214,gdd_gdd_subopt,GDD,110.299213110841,1 SD = 110 degree-days,2.85907963198421
Crop Residue-Combo,77,7,13.3798738016253,-17.1698492628155,55.1970589074583,0.380221738885537,gdd_gdd_subopt,GDD,110.299213110841,1 SD = 110 degree-days,2.85907963198421
Inorganic Fertilizer-Solo,571,33,4.43570907614115,-6.01256416259833,16.0454823887864,0.416583822354012,gdd_gdd_subopt,GDD,110.299213110841,1 SD = 110 degree-days,2.85907963198421
Mulch-Combo,69,8,9.73307135489951,-19.1304884969366,48.8984751505928,0.483635544673584,gdd_gdd_subopt,GDD,110.299213110841,1 SD = 110 degree-days,2.85907963198421
Reduced Tillage-Solo,47,6,-10.4850164397799,-44.4897041660462,44.3503797161397,0.55144980828993,gdd_gdd_subopt,GDD,110.299213110841,1 SD = 110 degree-days,2.85907963198421
pH Control-Solo,113,8,-2.8469314425044,-36.2163622212918,47.9802510305897,0.850053205120641,gdd_gdd_subopt,GDD,110.299213110841,1 SD = 110 degree-days,2.85907963198421
Organic Fertilizer-Solo,76,8,1.66165083035601,-22.1900105427357,32.8247352511156,0.890040493704039,gdd_gdd_subopt,GDD,110.299213110841,1 SD = 110 degree-days,2.85907963198421
