Crop,k,Effect,SE,CI_lower,CI_upper,tau2,I2,Q,Q_pval
coffee,120,-0.0818847231468557,0.0434196321531229,-0.166985638388954,0.00321619209524258,0.209267258709215,94.1965313349838,2089.36031032896,0
common bean,335,0.209466021871951,0.0353650786770788,0.140151741354451,0.278780302389451,0.41111946008283,98.5277304517849,22257.6434154602,0
maize,2296,0.262415309273345,0.01006558084582,0.242687133332062,0.282143485214629,0.134357670585477,61.3945137110349,5936.7335611756,1.11253692925626e-308
