Practice,n,s,pct,pct_lo,pct_hi,p,climate_var,climate_family,climate_SD,climate_SD_description
Mulch-Combo,69,8,-19.6038483521029,-38.0292127283751,4.29980777009076,0.0926378012149534,temp_tmean_max,Temperature,3.71456322173125,1 SD = 3.7°C
Crop Rotation-Combo,46,7,-14.6954167948324,-31.8614172181576,6.79517563647505,0.158350463260212,temp_tmean_max,Temperature,3.71456322173125,1 SD = 3.7°C
Reduced Tillage-Combo,79,8,-4.78148292350391,-12.9716499597623,4.17945405209952,0.266902261222869,temp_tmean_max,Temperature,3.71456322173125,1 SD = 3.7°C
Crop Residue-Combo,77,7,-9.31882200552693,-24.9253665087354,9.53201714161034,0.297598740186031,temp_tmean_max,Temperature,3.71456322173125,1 SD = 3.7°C
Intercropping-Solo,64,6,13.7053306357539,-24.4196320668641,71.0616469401683,0.383794829739657,temp_tmean_max,Temperature,3.71456322173125,1 SD = 3.7°C
Organic Fertilizer-Solo,76,8,-4.88072186747144,-19.0489669208533,11.7672836072063,0.535604554620643,temp_tmean_max,Temperature,3.71456322173125,1 SD = 3.7°C
Reduced Tillage-Solo,47,6,7.5732652960685,-16.3924561635019,38.4086516055108,0.555472784968181,temp_tmean_max,Temperature,3.71456322173125,1 SD = 3.7°C
Inorganic Fertilizer-Solo,571,33,0.0248533562402287,-6.54861863923503,7.06071053474968,0.99427007952851,temp_tmean_max,Temperature,3.71456322173125,1 SD = 3.7°C
