Practice,n,s,pct,pct_lo,pct_hi,p,climate_var,climate_family,climate_SD,climate_SD_description,climate_R2_pct
Inorganic Fertilizer-Solo,571,33,-5.17007766358698,-9.97345672720291,-0.110413624562522,0.0453466475332035,eratio_eratio_l_0.1.max_seq,ETo / Evaporative,13.7163983679245,1 SD = 13.72 ratio units,3.47843973262242
Crop Rotation-Combo,46,7,42.8031135470159,-9.29160590948215,124.816340793907,0.118395087894925,eratio_eratio_l_0.1.max_seq,ETo / Evaporative,13.7163983679245,1 SD = 13.72 ratio units,3.47843973262242
Reduced Tillage-Combo,79,8,8.28398012683704,-4.70433435374912,23.0425358025771,0.217283983663624,eratio_eratio_l_0.1.max_seq,ETo / Evaporative,13.7163983679245,1 SD = 13.72 ratio units,3.47843973262242
Organic Fertilizer-Solo,76,8,-7.1474721021183,-18.8512299448554,6.24427124610891,0.276093294694748,eratio_eratio_l_0.1.max_seq,ETo / Evaporative,13.7163983679245,1 SD = 13.72 ratio units,3.47843973262242
Reduced Tillage-Solo,47,6,-10.8996514170594,-28.4793045769705,11.001047607896,0.295565643633961,eratio_eratio_l_0.1.max_seq,ETo / Evaporative,13.7163983679245,1 SD = 13.72 ratio units,3.47843973262242
Intercropping-Solo,64,6,6.02233409526518,-10.5949562449302,25.7282011717668,0.359764840465028,eratio_eratio_l_0.1.max_seq,ETo / Evaporative,13.7163983679245,1 SD = 13.72 ratio units,3.47843973262242
Crop Residue-Combo,77,7,-2.25013026645978,-22.3309427233165,23.0224412134398,0.843812789275322,eratio_eratio_l_0.1.max_seq,ETo / Evaporative,13.7163983679245,1 SD = 13.72 ratio units,3.47843973262242
Mulch-Combo,69,8,-0.484231570472726,-33.7509803833394,49.487316543304,0.980683750000602,eratio_eratio_l_0.1.max_seq,ETo / Evaporative,13.7163983679245,1 SD = 13.72 ratio units,3.47843973262242
