Practice,n,s,pct,pct_lo,pct_hi,p,climate_var,climate_family,climate_SD,climate_SD_description,climate_R2_pct
pH Control-Solo,113,8,-84.960083817233,-91.3404319843731,-73.8787109961535,7.96917567303981e-10,temp_tmean_var,Temperature,2.58787904221221,1 SD = 2.6°C,4.09744733112599
Intercropping-Solo,64,6,42.4262236214672,16.0584926994368,74.7845306556408,0.00466020009549865,temp_tmean_var,Temperature,2.58787904221221,1 SD = 2.6°C,4.09744733112599
Crop Rotation-Combo,46,7,-23.5297280095601,-37.7927465781634,-5.99645255774718,0.0143006850550087,temp_tmean_var,Temperature,2.58787904221221,1 SD = 2.6°C,4.09744733112599
Inorganic Fertilizer-Solo,571,33,-2.64990623667177,-6.82214293263546,1.70915122975202,0.228138220615873,temp_tmean_var,Temperature,2.58787904221221,1 SD = 2.6°C,4.09744733112599
Organic Fertilizer-Solo,76,8,7.84986891572954,-12.1968215026054,32.4734983880474,0.413525175830554,temp_tmean_var,Temperature,2.58787904221221,1 SD = 2.6°C,4.09744733112599
Crop Residue-Combo,77,7,9.87231453959243,-13.2738681571505,39.1959406671318,0.43037446804436,temp_tmean_var,Temperature,2.58787904221221,1 SD = 2.6°C,4.09744733112599
Reduced Tillage-Solo,47,6,7.62084785308659,-10.8521088021294,29.9217147706783,0.436076337567266,temp_tmean_var,Temperature,2.58787904221221,1 SD = 2.6°C,4.09744733112599
Mulch-Combo,69,8,-9.44263567897304,-32.9531956271681,22.3121118072883,0.508948766538689,temp_tmean_var,Temperature,2.58787904221221,1 SD = 2.6°C,4.09744733112599
Reduced Tillage-Combo,79,8,2.77969155111288,-9.77406674948197,17.0801410943705,0.676298510591252,temp_tmean_var,Temperature,2.58787904221221,1 SD = 2.6°C,4.09744733112599
